Gesamtflächenübersicht,,,,,,,,,,
Fläche,Feldfrucht,Vorfrucht,Zyklus,Kalk,Dünger,Pflügen,Walzen,Wachstum,Größe
190,GRAS,GRAS,/,JA,JA,JA,NEIN,GEERNTET,"3,00 HA"
191,GRAS,GRAS,/,JA,JA,JA,NEIN,GEERNTET,"1,76 HA"
192,GRAS,GRAS,/,JA,JA,JA,NEIN,GEERNTET,"1,52 HA"
193,GRAS,GRAS,/,JA,JA,JA,NEIN,GEERNTET,"1,97 HA"
213,GRAS,GRAS,/,JA,JA,JA,NEIN,GEERNTET,"1,49 HA"
216,GRAS,GRAS,/,JA,JA,JA,NEIN,GEERNTET,"4,01 HA"
215,GRAS,GRAS,/,JA,JA,JA,NEIN,GEERNTET,"2,83 HA"
214,GRAS,GRAS,/,JA,JA,JA,NEIN,GEERNTET,"1,44 HA"
227,GRAS,GRAS,/,JA,JA,JA,NEIN,GEERNTET,"1,28 HA"
95,GRAS,GRAS,/,JA,JA,JA,NEIN,GEERNTET,"5,36 HA"
96,GRAS,GRAS,/,NEIN,NEIN,JA,NEIN,GEERNTET,"3,31 HA"
97,GRAS,GRAS,/,NEIN,NEIN,JA,NEIN,GEERNTET,"3,09 HA"
98,GRAS,GRAS,/,JA,JA,JA,NEIN,GESÄHT,"5,85 HA"
99,GRAS,GRAS,/,JA,JA,JA,NEIN,GEERNTET,"2,42 HA"
111,GRAS,GRAS,/,JA,JA,JA,NEIN,GEERNTET,"5,65 HA"
116,GRAS,GRAS,/,JA,JA,JA,NEIN,GEERNTET,"4,52 HA"
117,GRAS,GRAS,/,JA,JA,JA,NEIN,GEERNTET,"1,42 HA"
115,GRAS,GRAS,/,JA,JA,JA,NEIN,GEERNTET,"4,77 HA"
83,GRAS,GRAS,/,NEIN,NEIN,JA,NEIN,GEERNTET,"3,98 HA"
18,GRAS,GRAS,/,NEIN,NEIN,JA,NEIN,GEERNTET,"8,93 HA"
145,GRAS,GRAS,/,NEIN,NEIN,JA,NEIN,GEERNTET,"2,41 HA"
164,GRAS,GRAS,/,JA,JA,JA,NEIN,GEERNTET,"3,82 HA"
49,GRAS,GRAS,/,JA,JA,JA,NEIN,GEERNTET,"6,43 HA"
46,GRAS,GRAS,/,NEIN,NEIN,JA,NEIN,REIF,"1,81 HA"
139,GRAS,GRAS,/,JA,JA,JA,NEIN,GEERNTET,"3,25 HA"
112,GRAS,GRAS,/,JA,JA,JA,NEIN,GESÄHT,"6,29 HA"
113,GRAS,GRAS,/,JA,JA,JA,NEIN,GESÄHT,"6,32 HA"
114,GRAS,GRAS,/,JA,JA,JA,NEIN,GESÄHT,"3,55 HA"
1,LEER,WEIZEN,H1.1,NEIN,NEIN,NEIN,NEIN,SCHWARZ,"37,41 HA"
229,WEIZEN,WEIZEN,H1.1,NEIN,NEIN,NEIN,NEIN,GEERNTET,"12,56 HA"
32,RAPS,RAPS,B1,NEIN,NEIN,NEIN,NEIN,GEERNTET,"10,34 HA"
31,HAFER,HAFER,H2.1,NEIN,NEIN,NEIN,NEIN,GEERNTET,"14,62 HA"
30,SOJA,SOJA,B1,NEIN,NEIN,NEIN,NEIN,GEERNTET,"5,29 HA"
45,RAPS,RAPS,B1,NEIN,NEIN,NEIN,NEIN,GEERNTET,"9,31 HA"
44,GERSTE,GERSTE,H1.1,NEIN,NEIN,NEIN,NEIN,GEERNTET,"16,72 HA"
50,LEER,SONNENBLUMEN,Z,NEIN,NEIN,NEIN,NEIN,SCHWARZ,"4,47 HA"
51,LEER,SONNENBLUMEN,Z,NEIN,NEIN,NEIN,NEIN,SCHWARZ,"2,25 HA"
53,GERSTE,GERSTE,H1.1,NEIN,NEIN,NEIN,NEIN,WACHSEND,"9,83 HA"
52,LEER,GERSTE,H1.1,NEIN,NEIN,NEIN,NEIN,SCHWARZ,"3,19 HA"
55,LEER,GERSTE,H1.1,NEIN,NEIN,NEIN,NEIN,SCHWARZ,"6,03 HA"
48,RAPS,RAPS,B1,NEIN,NEIN,NEIN,NEIN,GEERNTET,"5,44 HA"
47,SOJA,SOJA,B1,NEIN,NEIN,NEIN,NEIN,GEERNTET,"3,57 HA"
133,RAPS,RAPS,B1,NEIN,NEIN,NEIN,NEIN,GEERNTET,"17,54 HA"
140,SONNENBLUMEN,SONNENBLUMEN,Z,NEIN,NEIN,NEIN,NEIN,WACHSEND,"2,79 HA"
141,KARTOFFELN,KARTOFFELN,B1,NEIN,NEIN,NEIN,NEIN,GEERNTET,"3,75 HA"
142,MAIS,MAIS,B1,NEIN,NEIN,NEIN,NEIN,WACHSEND,"3,87 HA"
143,GERSTE,GERSTE,H1.1,NEIN,NEIN,NEIN,NEIN,WACHSEND,"2,86 HA"
144,SONNENBLUMEN,SONNENBLUMEN,Z,NEIN,NEIN,NEIN,NEIN,GEERNTET,"2,29 HA"
15,WEIZEN,WEIZEN,H1.1,NEIN,NEIN,NEIN,NEIN,GEERNTET,"17,34 HA"
54,LEER,LEER,,NEIN,NEIN,NEIN,NEIN,SCHWARZ,"13,96 HA"
57,SOJA,SOJA,B1,NEIN,NEIN,NEIN,NEIN,WACHSEND,"6,00 HA"
62,LEER,LEER,,NEIN,NEIN,NEIN,NEIN,SCHWARZ,"1,52 HA"
63,LEER,LEER,,NEIN,NEIN,NEIN,NEIN,SCHWARZ,"5,44 HA"
64,LEER,LEER,,NEIN,NEIN,NEIN,NEIN,SCHWARZ,"2,73 HA"
165,LEER,LEER,,NEIN,NEIN,NEIN,NEIN,SCHWARZ,"1,35 HA"
166,RAPS,RAPS,B1,NEIN,NEIN,NEIN,NEIN,WACHSEND,"2,34 HA"
167,KARTOFFELN,KARTOFFELN,B1,NEIN,NEIN,NEIN,NEIN,WACHSEND,"2,72 HA"
168,SONNENBLUMEN,SONNENBLUMEN,Z,NEIN,NEIN,NEIN,NEIN,GEERNTET,"3,70 HA"
169,WEIZEN,WEIZEN,H1.1,NEIN,NEIN,NEIN,NEIN,GEERNTET,"5,12 HA"
91,RAPS,RAPS,B1,NEIN,NEIN,NEIN,NEIN,WACHSEND,"4,15 HA"
92,RAPS,RAPS,B1,NEIN,NEIN,NEIN,NEIN,WACHSEND,"3,03 HA"
93,GERSTE,GERSTE,H1.1,NEIN,NEIN,NEIN,NEIN,GEERNTET,"5,88 HA"
94,LEER,GERSTE,H1.1,NEIN,NEIN,JA,NEIN,SCHWARZ,"4,92 HA"
75,GERSTE,GERSTE,H1.1,NEIN,NEIN,NEIN,NEIN,GEERNTET,"6,75 HA"
77,GERSTE,GERSTE,H1.1,NEIN,NEIN,NEIN,NEIN,GEERNTET,"2,09 HA"
78,GERSTE,GERSTE,H1.1,NEIN,NEIN,NEIN,NEIN,GEERNTET,"2,95 HA"
81,KARTOFFELN,KARTOFFELN,B1,NEIN,NEIN,NEIN,NEIN,GEERNTET,"3,87 HA"
80,LEER,LEER,,NEIN,NEIN,NEIN,NEIN,SCHWARZ,"3,23 HA"
79,LEER,LEER,,NEIN,NEIN,NEIN,NEIN,SCHWARZ,"4,95 HA"
103,GERSTE,GERSTE,H1.1,NEIN,NEIN,NEIN,NEIN,GEERNTET,"3,70 HA"
217,GERSTE,GERSTE,H1.1,NEIN,NEIN,NEIN,NEIN,GEERNTET,"5,94 HA"
212,GERSTE,GERSTE,H1.1,NEIN,NEIN,NEIN,NEIN,GEERNTET,"22,30 HA"
211,SOJA,SOJA,B1,NEIN,NEIN,NEIN,NEIN,GEERNTET,"8,64 HA"
210,SOJA,SOJA,B1,NEIN,NEIN,NEIN,NEIN,GEERNTET,"4,21 HA"
209,KARTOFFELN,KARTOFFELN,B1,NEIN,NEIN,NEIN,NEIN,GEERNTET,"12,86 HA"
226,LEER,LEER,,NEIN,NEIN,NEIN,NEIN,SCHWARZ,"4,05 HA"
207,RAPS,RAPS,B1,NEIN,NEIN,NEIN,NEIN,GEERNTET,"11,57 HA"
208,KARTOFFELN,KARTOFFELN,B1,NEIN,NEIN,NEIN,NEIN,GEERNTET,"10,93 HA"
178,HAFER,HAFER,H1.1,NEIN,NEIN,NEIN,NEIN,GEERNTET,"6,06 HA"
181,HAFER,HAFER,H1.1,NEIN,NEIN,NEIN,NEIN,GEERNTET,"9,09 HA"
205,RAPS,RAPS,B1,NEIN,NEIN,NEIN,NEIN,GEERNTET,"7,91 HA"